Option=1 ACH50	Option=2 ACH50	Option=3 ACH50	Option=4 ACH50	Option=5 ACH50	Option=6 ACH50	Option=7 ACH50	Option=8 ACH50	Option=10 ACH50	Option=15 ACH50	Option=20 ACH50	Option=25 ACH50	Option=30 ACH50	Option=40 ACH50	Option=50 ACH50	sampling_probability
0.066666667	0.066666667	0.066666667	0.066666667	0.066666667	0.066666667	0.066666667	0.066666667	0.066666667	0.066666667	0.066666667	0.066666667	0.066666667	0.066666667	0.066666667	1
# Created by: sources\resdb\tsv_maker.py
# Description: Total infiltration to the dwelling unit.
